product_name,cluster_id,cluster_name,review_count,mean_rating,negative_share,positive_share,categories_text
"All-New Fire HD 8 Tablet, 8 HD Display, Wi-Fi, 16 GB - Includes Special Offers, Magenta",0,Fire Tablets,2814,4.5867093105899075,0.019189765458422176,0.9477611940298507,"Electronics,iPad & Tablets,All Tablets,Fire Tablets,Tablets,Computers & Tablets"
"All-New Fire HD 8 Tablet, 8 HD Display, Wi-Fi, 32 GB - Includes Special Offers, Magenta",0,Fire Tablets,146,4.568493150684931,0.0273972602739726,0.9452054794520548,"Tablets,Fire Tablets,Electronics,Computers,Computer Components,Hard Drives & Storage,Computers & Tablets,All Tablets"
"All-New Kindle E-reader - Black, 6 Glare-Free Touchscreen Display, Wi-Fi - Includes Special Offers",0,Fire Tablets,212,4.429245283018868,0.08018867924528301,0.8490566037735849,"Amazon Devices & Accessories,Amazon Device Accessories,Power Adapters & Cables,Kindle Store,Kindle E-Reader Accessories,Kindle Paperwhite Accessories"
Amazon - Amazon Tap Portable Bluetooth and Wi-Fi Speaker - Black,2,"Echo, Audio & Related Products",318,4.729559748427673,0.009433962264150943,0.9559748427672956,"Stereos,Remote Controls,Amazon Echo,Audio Docks & Mini Speakers,Amazon Echo Accessories,Kitchen & Dining Features,Speaker Systems,Electronics,TVs Entertainment,Clearance,Smart Hubs & Wireless Routers,Featured Brands,Wireless Speakers,Smart Home & Connected Living,Home Security,Kindle Store,Home Automation,Home, Garage & Office,Home,Voice-Enabled Smart Assistants,Virtual Assistant Speakers,Portable Audio & Headphones,Electronics Features,Amazon Device Accessories,iPod, Audio Player Accessories,Home & Furniture Clearance,Consumer Electronics,Smart Home,Surveillance,Home Improvement,Smart Home & Home Automation Devices,Smart Hubs,Home Safety & Security,Voice Assistants,Alarms & Sensors,Amazon Devices,Audio,Holiday Shop"
"Amazon - Fire 16GB (5th Gen, 2015 Release) - Black",4,Fire Kids & Family Tablets,5,4.6,0.0,1.0,"Walmart for Business,Office Electronics,Tablets,Electronics,iPad & Tablets,All Tablets,Computers & Tablets,E-Readers & Accessories,Kindle E-readers,Electronics Features,eBook Readers,See more Amazon Kindle Voyage (Wi-Fi),See more Amazon Kindle Voyage 4GB, Wi-Fi  3G (Unlocked..."
Amazon - Kindle Voyage - 4GB - Wi-Fi + 3G - Black,1,Kindle E-readers,26,4.653846153846154,0.0,0.9230769230769231,"Fire Tablets,Tablets,Computers & Tablets,All Tablets,Electronics, Tech Toys, Movies, Music,Electronics,iPad & Tablets,Android Tablets,Frys"
Amazon 5W USB Official OEM Charger and Power Adapter for Fire Tablets and Kindle eReaders,2,"Echo, Audio & Related Products",207,4.458937198067633,0.10144927536231885,0.8647342995169082,"Amazon Devices & Accessories,Amazon Device Accessories,Power Adapters & Cables,Kindle Store,Kindle E-Reader Accessories,Kindle Paperwhite Accessories Stereos,Remote Controls,Amazon Echo,Audio Docks & Mini Speakers,Amazon Echo Accessories,Kitchen & Dining Features,Speaker Systems,Electronics,TVs Entertainment,Clearance,Smart Hubs & Wireless Routers,Featured Brands,Wireless Speakers,Smart Home & Connected Living,Home Security,Kindle Store,Home Automation,Home, Garage & Office,Home,Voice-Enabled Smart Assistants,Virtual Assistant Speakers,Portable Audio & Headphones,Electronics Features,Amazon Device Accessories,iPod, Audio Player Accessories,Home & Furniture Clearance,Consumer Electronics,Smart Home,Surveillance,Home Improvement,Smart Home & Home Automation Devices,Smart Hubs,Home Safety & Security,Voice Assistants,Alarms & Sensors,Amazon Devices,Audio,Holiday Shop Tablets,Fire Tablets,Computers & Tablets,All Tablets"
Amazon 9W PowerFast Official OEM USB Charger and Power Adapter for Fire Tablets and Kindle eReaders,2,"Echo, Audio & Related Products",36,4.694444444444445,0.0,0.9722222222222222,"Stereos,Remote Controls,Amazon Echo,Audio Docks & Mini Speakers,Amazon Echo Accessories,Kitchen & Dining Features,Speaker Systems,Electronics,TVs Entertainment,Clearance,Smart Hubs & Wireless Routers,Featured Brands,Wireless Speakers,Smart Home & Connected Living,Home Security,Kindle Store,Home Automation,Home, Garage & Office,Home,Voice-Enabled Smart Assistants,Virtual Assistant Speakers,Portable Audio & Headphones,Electronics Features,Amazon Device Accessories,iPod, Audio Player Accessories,Home & Furniture Clearance,Consumer Electronics,Smart Home,Surveillance,Home Improvement,Smart Home & Home Automation Devices,Smart Hubs,Home Safety & Security,Voice Assistants,Alarms & Sensors,Amazon Devices,Audio,Holiday Shop"
Amazon Echo and Fire TV Power Adapter,2,"Echo, Audio & Related Products",8,4.875,0.0,1.0,"Walmart for Business,Office Electronics,Tablets,Electronics,iPad & Tablets,All Tablets,Computers & Tablets,E-Readers & Accessories,Kindle E-readers,Electronics Features,eBook Readers,See more Amazon Kindle Voyage (Wi-Fi),See more Amazon Kindle Voyage 4GB, Wi-Fi  3G (Unlocked..."
"Amazon Fire Hd 10 Tablet, Wi-Fi, 16 Gb, Special Offers - Silver Aluminum",0,Fire Tablets,128,4.7734375,0.0078125,0.96875,"Stereos,Remote Controls,Amazon Echo,Audio Docks & Mini Speakers,Amazon Echo Accessories,Kitchen & Dining Features,Speaker Systems,Electronics,TVs Entertainment,Clearance,Smart Hubs & Wireless Routers,Featured Brands,Wireless Speakers,Smart Home & Connected Living,Home Security,Kindle Store,Home Automation,Home, Garage & Office,Home,Voice-Enabled Smart Assistants,Virtual Assistant Speakers,Portable Audio & Headphones,Electronics Features,Amazon Device Accessories,iPod, Audio Player Accessories,Home & Furniture Clearance,Consumer Electronics,Smart Home,Surveillance,Home Improvement,Smart Home & Home Automation Devices,Smart Hubs,Home Safety & Security,Voice Assistants,Alarms & Sensors,Amazon Devices,Audio,Holiday Shop"
"Amazon Fire Hd 6 Standing Protective Case(4th Generation - 2014 Release), Cayenne Red",2,"Echo, Audio & Related Products",7,4.857142857142857,0.0,1.0,"Stereos,Remote Controls,Amazon Echo,Audio Docks & Mini Speakers,Amazon Echo Accessories,Kitchen & Dining Features,Speaker Systems,Electronics,TVs Entertainment,Clearance,Smart Hubs & Wireless Routers,Featured Brands,Wireless Speakers,Smart Home & Connected Living,Home Security,Kindle Store,Home Automation,Home, Garage & Office,Home,Voice-Enabled Smart Assistants,Virtual Assistant Speakers,Portable Audio & Headphones,Electronics Features,Amazon Device Accessories,iPod, Audio Player Accessories,Home & Furniture Clearance,Consumer Electronics,Smart Home,Surveillance,Home Improvement,Smart Home & Home Automation Devices,Smart Hubs,Home Safety & Security,Voice Assistants,Alarms & Sensors,Amazon Devices,Audio,Holiday Shop"
Amazon Fire Hd 8 8in Tablet 16gb Black B018szt3bk 6th Gen (2016) Android,4,Fire Kids & Family Tablets,135,4.7407407407407405,0.007407407407407408,0.9555555555555556,"Walmart for Business,Office Electronics,Tablets,Electronics,iPad & Tablets,All Tablets,Computers & Tablets,E-Readers & Accessories,Kindle E-readers,Electronics Features,eBook Readers,See more Amazon Kindle Voyage (Wi-Fi),See more Amazon Kindle Voyage 4GB, Wi-Fi  3G (Unlocked..."
"Amazon Fire Kids Edition Tablet, 7 Display, Wi-Fi, 16 GB, Blue Kid-Proof Case - Blue",4,Fire Kids & Family Tablets,6,4.833333333333333,0.0,1.0,"Walmart for Business,Office Electronics,Tablets,Electronics,iPad & Tablets,All Tablets,Computers & Tablets,E-Readers & Accessories,Kindle E-readers,Electronics Features,eBook Readers,See more Amazon Kindle Voyage (Wi-Fi),See more Amazon Kindle Voyage 4GB, Wi-Fi  3G (Unlocked..."
Amazon Fire Tv,3,Fire TV & Streaming Devices,2528,4.650316455696203,0.015822784810126583,0.9485759493670886,"Stereos,Remote Controls,Amazon Echo,Audio Docks & Mini Speakers,Amazon Echo Accessories,Kitchen & Dining Features,Speaker Systems,Electronics,TVs Entertainment,Clearance,Smart Hubs & Wireless Routers,Featured Brands,Wireless Speakers,Smart Home & Connected Living,Home Security,Kindle Store,Home Automation,Home, Garage & Office,Home,Voice-Enabled Smart Assistants,Virtual Assistant Speakers,Portable Audio & Headphones,Electronics Features,Amazon Device Accessories,iPod, Audio Player Accessories,Home & Furniture Clearance,Consumer Electronics,Smart Home,Surveillance,Home Improvement,Smart Home & Home Automation Devices,Smart Hubs,Home Safety & Security,Voice Assistants,Alarms & Sensors,Amazon Devices,Audio,Holiday Shop"
Amazon Kindle Fire 5ft USB to Micro-USB Cable (works with most Micro-USB Tablets),2,"Echo, Audio & Related Products",4,4.25,0.0,0.75,"Stereos,Remote Controls,Amazon Echo,Audio Docks & Mini Speakers,Amazon Echo Accessories,Kitchen & Dining Features,Speaker Systems,Electronics,TVs Entertainment,Clearance,Smart Hubs & Wireless Routers,Featured Brands,Wireless Speakers,Smart Home & Connected Living,Home Security,Kindle Store,Home Automation,Home, Garage & Office,Home,Voice-Enabled Smart Assistants,Virtual Assistant Speakers,Portable Audio & Headphones,Electronics Features,Amazon Device Accessories,iPod, Audio Player Accessories,Home & Furniture Clearance,Consumer Electronics,Smart Home,Surveillance,Home Improvement,Smart Home & Home Automation Devices,Smart Hubs,Home Safety & Security,Voice Assistants,Alarms & Sensors,Amazon Devices,Audio,Holiday Shop"
Amazon Kindle Fire Hd (3rd Generation) 8gb,3,Fire TV & Streaming Devices,2,4.5,0.0,1.0,"Amazon Devices & Accessories,Amazon Device Accessories,Power Adapters & Cables,Kindle Store,Kindle E-Reader Accessories,Kindle Paperwhite Accessories Electronics,iPad & Tablets,All Tablets,Computers/Tablets & Networking,Tablets & eBook Readers,Computers & Tablets,E-Readers & Accessories,E-Readers,Used:Computers Accessories,Used:Tablets,Computers,iPads Tablets,Kindle E-readers,Electronics Features"
Amazon Kindle Lighted Leather Cover,2,"Echo, Audio & Related Products",3,3.6666666666666665,0.0,0.6666666666666666,"Electronics,eBook Readers & Accessories,Covers,Kindle Store,Amazon Device Accessories,Kindle E-Reader Accessories,Kindle (5th Generation) Accessories,Kindle (5th Generation) Covers"
Amazon Kindle Paperwhite - eBook reader - 4 GB - 6 monochrome Paperwhite - touchscreen - Wi-Fi - black,1,Kindle E-readers,3176,4.755037783375315,0.011335012594458438,0.9694584382871536,"Tablets,Fire Tablets,Computers & Tablets,All Tablets Walmart for Business,Office Electronics,Tablets,Office,Electronics,iPad & Tablets,Windows Tablets,All Windows Tablets,Computers & Tablets,E-Readers & Accessories,E-Readers,eBook Readers,Kindle E-readers,Computers/Tablets & Networking,Tablets & eBook Readers,Electronics Features,Books & Magazines,Book Accessories,eReaders,TVs & Electronics,Computers & Laptops,Tablets & eReaders"
"Amazon Kindle Touch Leather Case (4th Generation - 2011 Release), Olive Green",3,Fire TV & Streaming Devices,3,5.0,0.0,1.0,"Computers/Tablets & Networking,Tablets & eBook Readers,Computers & Tablets,Tablets,All Tablets"
Amazon Standing Protective Case for Fire HD 6 (4th Generation) - Black,3,Fire TV & Streaming Devices,1,4.0,0.0,1.0,"Fire Tablets,Tablets,Computers & Tablets,All Tablets,Electronics, Tech Toys, Movies, Music,Electronics,iPad & Tablets,Android Tablets,Frys"
Brand New Amazon Kindle Fire 16gb 7 Ips Display Tablet Wifi 16 Gb Blue,4,Fire Kids & Family Tablets,1033,4.55082284607938,0.027105517909002903,0.9293320425943853,"Computers & Tablets,E-Readers & Accessories,eBook Readers,Kindle E-readers Computers/Tablets & Networking,Tablets & eBook Readers,Computers & Tablets,Tablets,All Tablets Electronics,Categories,Streaming Media Players,Amazon Devices Fire Tablets,Tablets,Computers & Tablets,All Tablets Fire Tablets,Tablets,Computers & Tablets,All Tablets,Electronics, Tech Toys, Movies, Music,Electronics,iPad & Tablets,Android Tablets,Frys Frys,Software & Books,eReaders & Accessories,Tablet Cases Covers,Tablet Accessories,Computer Accessories Kindle E-readers,Electronics Features,Computers & Tablets,E-Readers & Accessories,E-Readers,eBook Readers"
Certified Refurbished Amazon Fire TV (Previous Generation - 1st),3,Fire TV & Streaming Devices,3,4.333333333333333,0.0,1.0,"Fire Tablets,Tablets,Computers & Tablets,All Tablets,Electronics, Tech Toys, Movies, Music,Electronics,iPad & Tablets,Android Tablets,Frys"
Certified Refurbished Amazon Fire TV Stick (Previous Generation - 1st),3,Fire TV & Streaming Devices,2,5.0,0.0,1.0,"Walmart for Business,Office Electronics,Tablets,Electronics,iPad & Tablets,All Tablets,Computers & Tablets,E-Readers & Accessories,Kindle E-readers,Electronics Features,eBook Readers,See more Amazon Kindle Voyage (Wi-Fi),See more Amazon Kindle Voyage 4GB, Wi-Fi  3G (Unlocked..."
Certified Refurbished Amazon Fire TV with Alexa Voice Remote,3,Fire TV & Streaming Devices,4,5.0,0.0,1.0,"Walmart for Business,Office Electronics,Tablets,Electronics,iPad & Tablets,All Tablets,Computers & Tablets,E-Readers & Accessories,Kindle E-readers,Electronics Features,eBook Readers,See more Amazon Kindle Voyage (Wi-Fi),See more Amazon Kindle Voyage 4GB, Wi-Fi  3G (Unlocked..."
Coconut Water Red Tea 16.5 Oz (pack of 12),2,"Echo, Audio & Related Products",1,5.0,0.0,1.0,"Stereos,Remote Controls,Amazon Echo,Audio Docks & Mini Speakers,Amazon Echo Accessories,Kitchen & Dining Features,Speaker Systems,Electronics,TVs Entertainment,Clearance,Smart Hubs & Wireless Routers,Featured Brands,Wireless Speakers,Smart Home & Connected Living,Home Security,Kindle Store,Home Automation,Home, Garage & Office,Home,Voice-Enabled Smart Assistants,Virtual Assistant Speakers,Portable Audio & Headphones,Electronics Features,Amazon Device Accessories,iPod, Audio Player Accessories,Home & Furniture Clearance,Consumer Electronics,Smart Home,Surveillance,Home Improvement,Smart Home & Home Automation Devices,Smart Hubs,Home Safety & Security,Voice Assistants,Alarms & Sensors,Amazon Devices,Audio,Holiday Shop"
Echo (Black),2,"Echo, Audio & Related Products",4,5.0,0.0,1.0,"Stereos,Remote Controls,Amazon Echo,Audio Docks & Mini Speakers,Amazon Echo Accessories,Kitchen & Dining Features,Speaker Systems,Electronics,TVs Entertainment,Clearance,Smart Hubs & Wireless Routers,Featured Brands,Wireless Speakers,Smart Home & Connected Living,Home Security,Kindle Store,Home Automation,Home, Garage & Office,Home,Voice-Enabled Smart Assistants,Virtual Assistant Speakers,Portable Audio & Headphones,Electronics Features,Amazon Device Accessories,iPod, Audio Player Accessories,Home & Furniture Clearance,Consumer Electronics,Smart Home,Surveillance,Home Improvement,Smart Home & Home Automation Devices,Smart Hubs,Home Safety & Security,Voice Assistants,Alarms & Sensors,Amazon Devices,Audio,Holiday Shop"
Echo (White),2,"Echo, Audio & Related Products",3310,4.645317220543807,0.016314199395770394,0.9447129909365559,"Categories,Streaming Media Players,Electronics Computers & Tablets,Tablets,All Tablets,Computers/Tablets & Networking,Tablets & eBook Readers,Fire Tablets,Frys Electronics Features,Fire Tablets,Computers & Tablets,Tablets,All Tablets,Computers/Tablets & Networking,Tablets & eBook Readers Fire Tablets,Tablets,Computers & Tablets,All Tablets,Computers/Tablets & Networking,Tablets & eBook Readers Stereos,Remote Controls,Amazon Echo,Audio Docks & Mini Speakers,Amazon Echo Accessories,Kitchen & Dining Features,Speaker Systems,Electronics,TVs Entertainment,Clearance,Smart Hubs & Wireless Routers,Featured Brands,Wireless Speakers,Smart Home & Connected Living,Home Security,Kindle Store,Home Automation,Home, Garage & Office,Home,Voice-Enabled Smart Assistants,Virtual Assistant Speakers,Portable Audio & Headphones,Electronics Features,Amazon Device Accessories,iPod, Audio Player Accessories,Home & Furniture Clearance,Consumer Electronics,Smart Home,Surveillance,Home Improvement,Smart Home & Home Automation Devices,Smart Hubs,Home Safety & Security,Voice Assistants,Alarms & Sensors,Amazon Devices,Audio,Holiday Shop"
"Fire HD 8 Tablet with Alexa, 8 HD Display, 16 GB, Tangerine - with Special Offers",0,Fire Tablets,6,4.666666666666667,0.0,1.0,"Fire Tablets,Tablets,Computers & Tablets,All Tablets,Electronics, Tech Toys, Movies, Music,Electronics,iPad & Tablets,Android Tablets,Frys"
"Fire HD 8 Tablet with Alexa, 8 HD Display, 32 GB, Tangerine - with Special Offers",0,Fire Tablets,14,4.857142857142857,0.0,1.0,"Tablets,Fire Tablets,Computers & Tablets,All Tablets Tablets,Fire Tablets,Electronics,Computers,Computer Components,Hard Drives & Storage,Computers & Tablets,All Tablets"
"Fire Kids Edition Tablet, 7 Display, Wi-Fi, 16 GB, Green Kid-Proof Case",4,Fire Kids & Family Tablets,1685,4.510385756676558,0.037388724035608306,0.9074183976261128,"Amazon Device Accessories,Kindle Store,Kindle Touch (4th Generation) Accessories,Kindle E-Reader Accessories,Covers,Kindle Touch (4th Generation) Covers Computers/Tablets & Networking,Tablets & eBook Readers,Computers & Tablets,Tablets,All Tablets Tablets,Fire Tablets,Computers & Tablets,All Tablets"
"Fire Tablet, 7 Display, Wi-Fi, 8 GB - Includes Special Offers, Black",0,Fire Tablets,368,4.600543478260869,0.024456521739130436,0.9456521739130435,"Electronics,Categories,Fire TV,Kindle Store Electronics,Computers,Computer Accessories,Cases & Bags,Fire Tablets,Electronics Features,Tablets,Computers & Tablets,Kids' Tablets,Electronics, Tech Toys, Movies, Music,iPad & Tablets,Top Rated Electronics,iPad & Tablets,All Tablets,Computers & Tablets,Tablets,eBook Readers Fire Tablets,Tablets,Computers & Tablets,All Tablets,Computers/Tablets & Networking,Tablets & eBook Readers Kindle Store,Categories,eBook Readers & Accessories,Fire TV Accessories,Electronics,Power Adapters & Cables,Amazon Device Accessories,Power Adapters Walmart for Business,Office Electronics,Tablets,Electronics,iPad & Tablets,All Tablets,Computers & Tablets,E-Readers & Accessories,Kindle E-readers,Electronics Features,eBook Readers,See more Amazon Kindle Voyage (Wi-Fi),See more Amazon Kindle Voyage 4GB, Wi-Fi  3G (Unlocked... mazon.co.uk,Amazon Devices"
"Fire Tablet, 7 Display, Wi-Fi, 8 GB - Includes Special Offers, Magenta",0,Fire Tablets,10961,4.453243317215582,0.02974181187847824,0.9065778669829395,"Electronics,iPad & Tablets,All Tablets,Computers/Tablets & Networking,Tablets & eBook Readers,Computers & Tablets,E-Readers & Accessories,E-Readers,Used:Computers Accessories,Used:Tablets,Computers,iPads Tablets,Kindle E-readers,Electronics Features Fire Tablets,Tablets,Computers & Tablets,All Tablets,Electronics, Tech Toys, Movies, Music,Electronics,iPad & Tablets,Android Tablets,Frys"
"Kindle Dx Leather Cover, Black (fits 9.7 Display, Latest and 2nd Generation Kindle Dxs)",2,"Echo, Audio & Related Products",9,4.777777777777778,0.0,1.0,"Stereos,Remote Controls,Amazon Echo,Audio Docks & Mini Speakers,Amazon Echo Accessories,Kitchen & Dining Features,Speaker Systems,Electronics,TVs Entertainment,Clearance,Smart Hubs & Wireless Routers,Featured Brands,Wireless Speakers,Smart Home & Connected Living,Home Security,Kindle Store,Home Automation,Home, Garage & Office,Home,Voice-Enabled Smart Assistants,Virtual Assistant Speakers,Portable Audio & Headphones,Electronics Features,Amazon Device Accessories,iPod, Audio Player Accessories,Home & Furniture Clearance,Consumer Electronics,Smart Home,Surveillance,Home Improvement,Smart Home & Home Automation Devices,Smart Hubs,Home Safety & Security,Voice Assistants,Alarms & Sensors,Amazon Devices,Audio,Holiday Shop"
Kindle Keyboard,2,"Echo, Audio & Related Products",2,4.5,0.0,1.0,"Electronics,eBook Readers & Accessories,Covers,Kindle Store,Amazon Device Accessories,Kindle E-Reader Accessories,Kindle (5th Generation) Accessories,Kindle (5th Generation) Covers"
"Kindle Oasis E-reader with Leather Charging Cover - Black, 6 High-Resolution Display (300 ppi), Wi-Fi - Includes Special Offers",1,Kindle E-readers,6,3.8333333333333335,0.16666666666666666,0.6666666666666666,"Fire Tablets,Tablets,Computers & Tablets,All Tablets,Electronics, Tech Toys, Movies, Music,Electronics,iPad & Tablets,Android Tablets,Frys"
"Kindle Oasis E-reader with Leather Charging Cover - Merlot, 6 High-Resolution Display (300 ppi), Wi-Fi - Includes Special Offers",1,Kindle E-readers,67,4.611940298507463,0.029850746268656716,0.9402985074626866,"eBook Readers,Kindle E-readers,Computers & Tablets,E-Readers & Accessories,E-Readers"
Kindle Paperwhite,1,Kindle E-readers,9,4.888888888888889,0.0,1.0,"Walmart for Business,Office Electronics,Tablets,Electronics,iPad & Tablets,All Tablets,Computers & Tablets,E-Readers & Accessories,Kindle E-readers,Electronics Features,eBook Readers,See more Amazon Kindle Voyage (Wi-Fi),See more Amazon Kindle Voyage 4GB, Wi-Fi  3G (Unlocked..."
"Kindle Paperwhite E-reader - White, 6 High-Resolution Display (300 ppi) with Built-in Light, Wi-Fi - Includes Special Offers",1,Kindle E-readers,30,4.533333333333333,0.03333333333333333,0.9666666666666667,"Walmart for Business,Office Electronics,Tablets,Electronics,iPad & Tablets,All Tablets,Computers & Tablets,E-Readers & Accessories,Kindle E-readers,Electronics Features,eBook Readers,See more Amazon Kindle Voyage (Wi-Fi),See more Amazon Kindle Voyage 4GB, Wi-Fi  3G (Unlocked..."
"Kindle Voyage E-reader, 6 High-Resolution Display (300 ppi) with Adaptive Built-in Light, PagePress Sensors, Wi-Fi - Includes Special Offers",1,Kindle E-readers,580,4.743103448275862,0.006896551724137931,0.9689655172413794,"Walmart for Business,Office Electronics,Tablets,Electronics,iPad & Tablets,All Tablets,Computers & Tablets,E-Readers & Accessories,Kindle E-readers,Electronics Features,eBook Readers,See more Amazon Kindle Voyage (Wi-Fi),See more Amazon Kindle Voyage 4GB, Wi-Fi  3G (Unlocked... Walmart for Business,Office Electronics,Tablets,Office,Electronics,iPad & Tablets,Windows Tablets,All Windows Tablets,Computers & Tablets,E-Readers & Accessories,E-Readers,eBook Readers,Kindle E-readers,Computers/Tablets & Networking,Tablets & eBook Readers,Electronics Features,Books & Magazines,Book Accessories,eReaders,TVs & Electronics,Computers & Laptops,Tablets & eReaders"
New Amazon Kindle Fire Hd 9w Powerfast Adapter Charger + Micro Usb Angle Cable,2,"Echo, Audio & Related Products",7,4.285714285714286,0.0,0.7142857142857143,"Stereos,Remote Controls,Amazon Echo,Audio Docks & Mini Speakers,Amazon Echo Accessories,Kitchen & Dining Features,Speaker Systems,Electronics,TVs Entertainment,Clearance,Smart Hubs & Wireless Routers,Featured Brands,Wireless Speakers,Smart Home & Connected Living,Home Security,Kindle Store,Home Automation,Home, Garage & Office,Home,Voice-Enabled Smart Assistants,Virtual Assistant Speakers,Portable Audio & Headphones,Electronics Features,Amazon Device Accessories,iPod, Audio Player Accessories,Home & Furniture Clearance,Consumer Electronics,Smart Home,Surveillance,Home Improvement,Smart Home & Home Automation Devices,Smart Hubs,Home Safety & Security,Voice Assistants,Alarms & Sensors,Amazon Devices,Audio,Holiday Shop"
